date,vix,fear_greed,credit_spread,dxy,usd_jpy,risk_index
2026-02-25,17.93000030517578,46,2.97,97.6520004272461,156.26800537109375,35.85679817199707
2026-02-26,17.93000030517578,46,2.97,97.58599853515624,155.8939971923828,35.97890090942383
2026-02-27,18.6299991607666,44,2.94,97.64900207519533,155.6580047607422,35.44024868011475
2026-02-28,19.86000061035156,43,2.98,97.64600372314452,155.85899353027344,34.36540107727051
2026-03-01,19.86000061035156,43,2.98,97.64600372314452,156.03500366210938,34.31259803771973
2026-03-02,19.86000061035156,43,2.98,97.88600158691406,156.62399291992188,34.09990158081055
2026-03-03,21.440000534057617,42,3.12,98.62200164794922,157.41400146484375,32.06249904632568
2026-03-04,23.56999969482422,32,3.03,99.1719970703125,157.39199829101562,29.371601104736328
2026-03-05,21.14999961853028,37,3.08,98.99400329589844,157.1439971923828,31.432700538635256
2026-03-06,23.75,34,2.97,98.97799682617188,157.68099975585938,29.924000549316403
2026-03-07,29.489999771118164,27,3.0,98.8550033569336,157.53399658203125,23.32155075073242
2026-03-08,29.489999771118164,27,3.0,98.8550033569336,157.53399658203125,23.32155075073242
2026-03-09,29.489999771118164,27,3.0,99.5540008544922,158.71600341796875,22.86209907531738
2026-03-10,25.5,27,3.13,98.88200378417967,157.76300048828125,26.58879928588868
2026-03-11,24.93000030517578,28,3.19,98.7519989013672,158.11099243164062,26.93890228271485
2026-03-12,24.229999542236328,27,3.0,99.52300262451172,159.02499389648438,27.64905166625976
2026-03-13,27.290000915527344,21,3.09,100.0,159.4459991455078,30.62619934082032
2026-03-14,27.190000534057617,20,3.17,100.49500274658205,159.72000122070312,29.89549827575684
2026-03-15,27.190000534057617,20,3.17,100.36000061035156,159.72000122070312,29.935998916625977
2026-03-16,27.190000534057617,20,3.17,100.0,159.3459930419922,30.15620155334473
2026-03-17,23.51000022888184,22,3.28,100.0,159.2209930419922,32.978701972961424
2026-03-18,22.3700008392334,22,3.27,100.0,158.68299865722656,33.76009998321533
2026-03-19,25.09000015258789,18,3.22,100.16500091552734,159.68299865722656,31.455599975585937
2026-03-20,24.059999465942383,17,3.2,99.44400024414062,158.36199951171875,24.944800376892086
2026-03-21,26.780000686645508,15,3.27,99.50299835205078,159.22000122070312,21.678549194335936
2026-03-22,26.780000686645508,15,3.27,99.6500015258789,159.22000122070312,21.65649871826172
2026-03-23,26.780000686645508,15,3.27,99.71900177001952,159.531005859375,21.55284729003906
2026-03-24,26.14999961853028,16,3.24,99.43800354003906,158.6999969482422,22.82430076599121
2026-03-25,26.950000762939453,17,3.19,99.35199737548828,158.91299438476562,22.42330131530762
2026-03-26,25.32999992370605,19,3.19,99.61100006103516,159.44700622558594,24.24424819946289
2026-03-27,27.440000534057617,18,3.17,99.81600189208984,159.5590057373047,21.9698974609375
2026-03-28,31.049999237060547,10,3.21,100.19300079345705,159.70399475097656,23.930902099609373
2026-03-29,31.049999237060547,10,3.21,100.1500015258789,159.70399475097656,23.94380187988281
2026-03-30,31.049999237060547,10,3.21,100.1719970703125,159.8780059814453,23.884999847412107
2026-03-31,30.61000061035156,9,3.42,100.41600036621094,159.73599243164062,23.044401550292967
2026-04-01,25.25,15,3.46,99.79100036621094,158.7169952392578,22.36625137329101
2026-04-02,24.540000915527344,16,3.0,99.88600158691406,159.27000427246094,25.166098022460936
2026-04-03,23.8700008392334,15,3.16,100.03900146484376,159.61900329589844,31.86759815216064
2026-04-04,23.8700008392334,19,3.17,100.18599700927734,159.6320037841797,32.569599342346194
2026-04-05,23.8700008392334,19,3.17,100.18599700927734,159.6320037841797,32.569599342346194
2026-04-06,23.8700008392334,19,3.17,100.02799987792967,159.55599975585938,32.63979969024658
2026-04-07,24.170000076293945,23,3.13,100.11599731445312,159.9040069580078,33.358998680114745
2026-04-08,25.780000686645508,22,3.05,98.9209976196289,158.32400512695312,25.53464813232421
2026-04-09,18.0,31,3.12,99.06500244140624,158.83200073242188,31.090649414062497
2026-04-10,19.489999771118164,36,2.94,98.88999938964844,159.17799377441406,32.16810207366943
2026-04-11,19.229999542236328,38,2.9,98.697998046875,159.2449951171875,32.90680198669433
2026-04-12,19.229999542236328,38,2.9,98.6500015258789,159.2449951171875,32.91400146484375
2026-04-13,19.229999542236328,38,2.9,99.01499938964844,159.73300170898438,32.71284980773926
2026-04-14,19.1200008392334,41,2.94,98.38899993896484,159.23800659179688,33.41024761199952
2026-04-15,18.36000061035156,47,2.95,98.16200256347656,158.95399475097656,35.05950088500976
2026-04-16,18.170000076293945,56,2.84,98.01699829101562,158.78700256347656,37.57634944915772
2026-04-17,17.940000534057617,62,2.85,98.27400207519533,159.38800048828125,38.62249927520752
2026-04-18,17.479999542236328,68,2.86,98.22699737548828,158.58399963378906,40.250750732421885
2026-04-19,17.479999542236328,68,2.86,98.0999984741211,158.58399963378906,40.26980056762696
2026-04-20,17.479999542236328,68,2.86,98.29199981689452,158.822998046875,40.16930084228516
2026-04-21,18.8700008392334,70,2.83,98.10800170898438,158.96800231933594,40.00839862823487
2026-04-22,19.5,68,2.87,98.35099792480467,159.25599670410156,38.97055130004883
2026-04-23,18.920000076293945,68,2.85,98.62000274658205,159.51199340820312,39.24340152740479
2026-04-24,19.309999465942383,66,2.84,98.83000183105467,159.78199768066406,38.585900688171385
2026-04-25,18.709999084472656,66,2.86,98.51000213623048,159.33299255371094,38.96860237121582
2026-04-26,18.709999084472656,66,2.86,98.51000213623048,159.33299255371094,38.96860237121582
2026-04-27,18.709999084472656,66,2.86,98.49099731445312,159.27499389648438,38.9888526916504
2026-04-28,18.020000457763672,67,2.86,98.572998046875,159.5019989013672,39.45345039367676
2026-04-29,17.829999923706055,64,2.84,98.64600372314452,159.60299682617188,39.00720043182373
2026-04-30,18.809999465942383,64,2.85,98.98699951171876,160.36000061035156,39.68895015716553
2026-05-01,16.889999389648438,67,2.82,98.13500213623048,157.28799438476562,40.94835166931152
2026-05-02,16.989999771118164,67,2.83,98.21099853515624,157.0330047607422,40.913448905944826
2026-05-03,16.989999771118164,67,2.83,98.20999908447266,157.0330047607422,40.91359882354736
2026-05-04,16.989999771118164,67,2.83,98.19400024414062,157.0330047607422,40.91599864959717
2026-05-05,18.290000915527344,63,2.77,98.47599792480467,157.2209930419922,39.667301940917966
2026-05-06,17.3799991607666,67,2.78,98.29499816894533,157.8179931640625,40.72035274505616
2026-05-07,17.389999389648438,68,2.77,97.96099853515624,156.2429962158203,41.487951660156256
2026-05-08,17.079999923706055,68,2.75,98.26699829101562,156.92599487304688,41.49215183258057
2026-05-09,17.190000534057617,67,2.79,97.84300231933594,156.62100219726562,41.19224872589111
2026-05-10,17.190000534057617,67,2.79,97.83999633789062,156.62100219726562,41.19269962310791
2026-05-11,17.190000534057617,67,2.79,98.06999969482422,157.1300048828125,41.00549831390381
2026-05-12,18.3799991607666,67,2.81,98.12799835205078,157.61500549316406,40.156299018859855
2026-05-13,17.989999771118164,67,2.79,98.3030014038086,157.64300537109375,40.4166482925415
2026-05-14,17.8700008392334,66,2.82,98.48999786376952,157.92100524902344,40.01519832611084
2026-05-15,17.260000228881836,66,2.82,99.03299713134766,158.49400329589844,40.06684932708741
2026-05-16,18.43000030517578,63,2.76,99.2699966430664,158.7310028076172,39.075199508667
2026-05-17,18.43000030517578,63,2.76,99.2699966430664,158.7310028076172,39.075199508667
2026-05-18,18.43000030517578,63,2.76,99.33899688720705,158.93899536132812,39.00245170593262
2026-05-19,17.81999969482422,63,2.8,99.09200286865234,158.93600463867188,39.14539833068848
2026-05-20,18.059999465942383,60,2.83,99.36100006103516,158.89500427246094,38.24734897613526
2026-05-21,17.440000534057617,61,2.86,99.16400146484376,158.9429931640625,38.62250156402589
2026-05-22,16.760000228881836,58,2.8,99.25800323486328,159.0449981689453,38.617799949646
2026-05-23,16.700000762939453,59,2.78,99.31900024414062,159.15499877929688,38.90564994812012
2026-05-24,16.700000762939453,59,2.78,99.31999969482422,159.15499877929688,38.90550003051758
2026-05-25,16.700000762939453,59,2.78,99.03500366210938,158.86099243164062,39.03645133972168
2026-05-26,16.59000015258789,59,2.78,99.23899841308594,158.94700622558594,39.035048294067394
2026-05-27,17.010000228881836,61,2.74,99.08499908447266,159.21099853515625,39.36895046234131
2026-05-28,16.290000915527344,61,2.72,99.3560028076172,159.56100463867188,39.68329772949219
2026-05-29,15.739999771118164,60,3.0,99.07599639892578,159.33799743652344,38.46720142364502
2026-05-30,15.31999969482422,60,2.72,98.94200134277344,159.2550048828125,40.12219848632813
2026-05-31,15.31999969482422,60,2.72,98.91000366210938,159.2550048828125,40.12699813842774
2026-06-01,15.31999969482422,60,2.72,99.0790023803711,159.4739990234375,40.035950088500975
2026-06-02,16.049999237060547,59,2.74,99.18599700927734,159.70199584960938,39.28650207519532
2026-06-03,15.770000457763672,57,2.72,99.23999786376952,159.88699340820312,39.06290206909179
2026-06-04,16.059999465942383,54,2.71,99.49500274658205,159.97300720214844,38.30384769439698
2026-06-05,15.399999618530272,55,2.75,99.41000366210938,159.9709930419922,38.6472017288208
2026-06-06,21.51000022888184,42,2.74,100.0709991455078,160.29299926757812,41.8358003616333
2026-06-07,21.51000022888184,42,2.74,100.06999969482422,160.29299926757812,41.83610019683837
2026-06-08,21.51000022888184,42,2.74,100.04499816894533,160.343994140625,41.82830219268798
2026-06-09,18.920000076293945,40,2.76,99.96600341796876,160.19400024414062,35.18689937591553
2026-06-10,19.8700008392334,33,2.75,99.93399810791016,160.36199951171875,33.316300010681154
2026-06-11,22.21999931335449,27,2.78,99.95800018310548,160.5240020751953,30.73909969329834
2026-06-12,19.440000534057617,30,2.8,99.75299835205078,160.23399353027344,32.74685192108154
2026-06-13,17.68000030517578,34,2.78,99.80699920654295,160.18499755859375,34.53345069885254
2026-06-14,17.68000030517578,34,2.78,99.75,160.18499755859375,34.54200057983399
2026-06-15,17.68000030517578,34,2.78,99.75,160.08099365234375,34.573201751708986
2026-06-16,16.200000762939453,41,2.71,99.6959991455078,160.22000122070312,37.02959938049317
2026-06-17,16.40999984741211,39,2.66,99.5270004272461,160.32000732421875,36.7699478149414
2026-06-18,18.440000534057617,33,2.71,100.23999786376952,160.58200073242188,41.58340015411377
2026-06-19,16.399999618530273,38,2.63,100.9499969482422,161.35299682617188,43.559102058410645
2026-06-20,16.780000686645508,37,2.63,100.8489990234375,161.27999877929688,43.221300315856936
